{
    "providers": [
        {
            "type": "bitmap",
            "file": "minecraft:font/logo.png",
            "ascent": 45,
            "height": 75,
            "chars": [
                "ç"
            ]
        },
		{
			"type": "bitmap",
            "file": "minecraft:font/logo.png",
            "ascent": 45,
            "height": 75,
            "chars": [
                "Ĕ"
            ]
		},
		{
			"type": "bitmap",
            "file": "minecraft:font/admin.png",
            "ascent": 8,
            "height": 8,
            "chars": [
                "ą"
			]
		},
		{
			"type": "bitmap",
            "file": "minecraft:font/moon.png",
            "ascent": 8,
            "height": 8,
            "chars": [
                "Ń"
			]
	    },
		{
			"type": "bitmap",
            "file": "minecraft:font/protect.png",
            "ascent": 8,
            "height": 8,
            "chars": [
                "ö"		
			]
	    },
		{
			"type": "bitmap",
            "file": "minecraft:font/earth.png",
            "ascent": 8,
            "height": 8,
            "chars": [
                "ŀ"		
			]
	    },
		{
			"type": "bitmap",
            "file": "minecraft:font/justice.png",
            "ascent": 8,
            "height": 8,
            "chars": [
                "Ŕ"		
		    ]				
	    },
		{
			"type": "bitmap",
            "file": "minecraft:font/premium.png",
            "ascent": 8,
            "height": 8,
            "chars": [
                "ĵ"						
			]
	    },
		{
			"type": "bitmap",
            "file": "minecraft:font/youtube.png",
            "ascent": 8,
            "height": 8,
            "chars": [
                "Ĳ"				
			]
	    },
		{
			"type": "bitmap",
            "file": "minecraft:font/tester.png",
            "ascent": 8,
            "height": 8,
            "chars": [
                "Đ"						
			]
	    },
		{
			"type": "bitmap",
            "file": "minecraft:font/builder.png",
            "ascent": 8,
            "height": 8,
            "chars": [
                "ħ"		
			]
	    },
		{
			"type": "bitmap",
            "file": "minecraft:font/moderator.png",
            "ascent": 8,
            "height": 8,
            "chars": [
                "Ħ"		
			]
	    },
		{
			"type": "bitmap",
            "file": "minecraft:font/player.png",
            "ascent": 8,
            "height": 9,
            "chars": [
                "¡"	
			]
		},				
		{
			"type": "bitmap",
            "file": "minecraft:font/top_kills.png",
            "ascent": 20,
            "height": 30,
            "chars": [
                "Ť"		
			]
		},				
		{
			"type": "bitmap",
            "file": "minecraft:font/top_death.png",
            "ascent": 20,
            "height": 30,
            "chars": [
                "Ɔ"										
			]
		},				
		{
			"type": "bitmap",
            "file": "minecraft:font/top_hours.png",
            "ascent": 20,
            "height": 30,
            "chars": [
                "Ŷ"			
			]
		},				
		{
			"type": "bitmap",
            "file": "minecraft:font/top_balance.png",
            "ascent": 20,
            "height": 30,
            "chars": [
                "ś"														
			]			
		}
    ]
}